symbol,type,entry_date,exit_date,entry_price,exit_price,shares,profit,exit_reason
AAPL,long,2025-04-08,2025-04-13,198.85,202.52,25,91.75,Gap out L
ZYME,long,2025-02-12,2025-03-03,14.3,12.74,350,-546.0,Hard Stop S
NVDA,short,2025-06-20,2025-06-30,143.85,157.99,35,-494.9,L 2 S
AAPL,long,2025-04-09,2025-04-14,198.85,202.52,25,91.75,Gap out L
AMZN,long,2025-03-11,2025-03-25,196.59,205.71,25,228.0,BE L
AMZN,short,2025-05-14,2025-05-21,210.25,201.12,24,219.12,BE S
GOOG,long,2025-04-09,2025-05-07,161.06,152.8,31,-256.06,S 2 L
GOOG,short,2025-05-07,2025-05-16,152.8,167.43,65,-950.95,L 2 S
GOOG,long,2025-05-16,2025-05-27,167.43,173.98,60,393.0,BE L
GOOG,short,2025-06-18,2025-06-20,173.98,167.73,29,181.25,BE S
GOOGL,long,2025-04-09,2025-05-07,158.71,151.38,32,-234.56,S 2 L
GOOGL,short,2025-05-07,2025-05-16,151.38,166.19,66,-977.46,L 2 S
GOOGL,long,2025-05-16,2025-05-27,166.19,172.9,60,402.6,BE L
GOOGL,short,2025-06-18,2025-06-20,173.32,166.64,29,193.72,BE S
META,long,2025-04-07,2025-04-09,516.25,585.77,10,695.2,BE L
AVGO,long,2025-04-07,2025-04-09,154.14,185.15,32,992.32,BE L
BRK.B,short,2025-02-20,2025-03-26,481.8,533.21,10,-514.1,Hard Stop L
TSLA,long,2025-02-04,2025-02-10,392.21,350.73,13,-539.24,Hard Stop S
TSLA,long,2025-02-28,2025-03-06,292.98,263.45,17,-502.01,Hard Stop S
WMT,short,2025-02-07,2025-02-20,101.15,97.21,49,193.06,Gap out S
V,long,2025-03-14,2025-03-24,331.8,343.87,15,181.05,BE L
V,long,2025-04-09,2025-05-15,332.43,362.3,15,448.05,BE L
V,long,2025-06-23,2025-06-30,343.75,355.05,15,169.5,BE L
MA,long,2025-04-09,2025-05-02,515.43,559.39,10,439.6,BE L
ORCL,long,2025-04-09,2025-04-21,139.69,122.82,36,-607.32,Hard Stop S
XOM,long,2025-04-09,2025-05-05,105.8,103.27,47,-118.91,S 2 L
XOM,short,2025-05-05,2025-06-03,103.27,103.8,97,-51.41,L 2 S
XOM,long,2025-06-03,2025-06-10,103.8,107.22,96,328.32,BE L
XOM,short,2025-06-23,2025-06-24,111.74,108.34,45,153.0,BE S
PG,short,2025-03-04,2025-03-12,173.18,168.37,29,139.49,BE S
PG,long,2025-04-09,2025-04-17,162.32,170.63,31,257.61,BE L
PG,long,2025-05-12,2025-05-19,160.9,164.77,31,119.97,BE L
PG,short,2025-06-04,2025-06-05,165.95,162.8,30,94.5,BE S
JNJ,short,2025-02-06,2025-03-27,153.51,163.13,33,-317.46,L 2 S
JNJ,long,2025-03-27,2025-03-31,163.13,165.84,61,165.31,BE L
HD,long,2025-03-05,2025-03-13,386.35,347.25,13,-508.3,S 2 L
HD,long,2025-04-09,2025-05-12,355.39,376.59,14,296.8,Target L
HD,short,2025-05-13,2025-05-23,373.6,362.71,13,141.57,BE S
BAC,short,2025-02-07,2025-02-12,47.4,46.21,105,124.95,BE S
BAC,short,2025-06-11,2025-06-25,44.73,46.85,112,-237.44,L 2 S
BAC,long,2025-06-25,2025-06-27,46.85,47.12,213,57.51,Target L
ABBV,short,2025-02-07,2025-03-03,190.6,211.48,26,-542.88,Hard Stop L
ABBV,short,2025-03-04,2025-04-04,207.76,186.96,24,499.2,BE S
PM,short,2025-06-04,2025-06-17,180.66,183.46,28,-78.4,L 2 S
PM,long,2025-06-17,2025-07-01,183.46,177.53,55,-326.15,S 2 L
TMUS,long,2025-04-09,2025-04-25,254.9,232.77,20,-442.6,S 2 L
TMUS,short,2025-04-25,2025-05-21,232.77,240.76,43,-343.57,L 2 S
TMUS,long,2025-05-21,2025-06-12,240.76,228.7,42,-506.52,S 2 L
TMUS,short,2025-06-12,2025-06-17,228.7,221.43,44,319.88,Target S
UNH,long,2025-02-25,2025-03-17,470.38,499.02,11,315.04,BE L
GE,short,2025-03-26,2025-03-28,207.37,199.88,24,179.76,BE S
CRM,long,2025-03-05,2025-03-13,291.97,271.74,17,-343.91,S 2 L
CRM,short,2025-03-13,2025-04-03,271.74,255.23,37,610.87,Target S
CRM,short,2025-05-09,2025-06-02,275.42,261.62,18,248.4,BE S
CSCO,long,2025-04-09,2025-05-12,58.13,61.67,86,304.44,Target L
CVX,long,2025-04-09,2025-05-06,146.03,135.6,34,-354.62,S 2 L
CVX,short,2025-05-06,2025-05-14,135.6,141.67,74,-449.18,L 2 S
CVX,long,2025-05-14,2025-06-11,141.67,144.78,71,220.81,BE L
CVX,short,2025-06-23,2025-06-25,146.86,143.23,34,123.42,BE S
IBM,long,2025-04-25,2025-05-02,232.41,245.55,22,289.08,BE L
ABT,short,2025-03-04,2025-03-11,137.58,132.66,36,177.12,BE S
ABT,short,2025-04-23,2025-05-06,129.84,133.06,39,-125.58,L 2 S
ABT,long,2025-05-06,2025-06-12,133.06,136.45,75,254.25,BE L
LIN,short,2025-03-03,2025-03-12,462.25,451.17,11,121.88,BE S
LIN,short,2025-06-05,2025-06-17,470.26,460.9,11,102.96,BE S
MCD,short,2025-02-26,2025-04-07,304.27,299.89,16,70.08,Target S
MCD,long,2025-04-09,2025-04-22,303.96,319.08,16,241.92,BE L
AXP,long,2025-04-09,2025-05-12,262.36,298.92,19,694.64,Target L
DIS,long,2025-04-09,2025-05-07,91.44,102.09,55,585.75,Gap out L
T,short,2025-03-04,2025-03-17,26.22,26.83,191,-116.51,L 2 S
T,long,2025-03-17,2025-03-27,26.83,28.2,373,511.01,BE L
ACN,long,2025-04-09,2025-05-12,299.94,322.09,17,376.55,BE L
MRK,long,2025-05-12,2025-06-18,80.43,79.29,62,-70.68,S 2 L
MRK,short,2025-06-18,2025-07-01,79.29,81.81,126,-317.52,L 2 S
RTX,short,2025-03-26,2025-03-28,134.33,131.72,37,96.57,BE S
RTX,short,2025-06-18,2025-06-24,145.87,141.85,34,136.68,BE S
VZ,short,2025-03-04,2025-04-03,42.87,45.62,117,-321.75,L 2 S
VZ,long,2025-04-03,2025-06-12,45.62,43.16,219,-538.74,S 2 L
VZ,short,2025-06-12,2025-06-17,43.16,41.85,232,303.92,BE S
GS,long,2025-04-09,2025-05-12,516.87,591.34,10,744.7,Gap out L
UBER,short,2025-02-11,2025-03-11,76.95,70.65,65,409.5,BE S
UBER,short,2025-04-23,2025-05-02,73.77,84.28,68,-714.68,Hard Stop L
PEP,long,2025-04-09,2025-05-06,145.59,130.74,34,-504.9,Hard Stop S
ADBE,short,2025-05-08,2025-05-16,383.99,417.12,13,-430.69,L 2 S
ADBE,long,2025-05-16,2025-06-02,417.12,403.4,24,-329.28,S 2 L
ADBE,short,2025-06-02,2025-06-13,403.4,391.68,25,293.0,Gap out S
TXN,long,2025-02-12,2025-02-18,179.99,186.46,28,181.16,BE L
TXN,long,2025-04-09,2025-04-11,169.5,147.6,29,-635.1,Hard Stop S
BX,long,2025-04-09,2025-04-21,137.36,120.22,36,-617.04,Hard Stop S
BX,short,2025-05-13,2025-05-21,148.6,137.49,34,377.74,BE S
BX,long,2025-06-18,2025-06-24,137.49,144.05,36,236.16,BE L
CAT,long,2025-04-09,2025-05-12,301.01,342.55,17,706.18,Gap out L
PGR,short,2025-02-07,2025-02-25,250.6,278.52,20,-558.4,Hard Stop L
QCOM,short,2025-02-20,2025-02-21,173.7,165.43,29,239.83,BE S
BA,short,2025-02-07,2025-02-26,181.49,173.04,28,236.6,BE S
BA,long,2025-03-11,2025-03-14,154.06,161.81,32,248.0,BE L
BA,short,2025-06-04,2025-06-12,211.98,203.75,24,197.52,Gap out S
AMGN,short,2025-03-11,2025-03-25,318.89,306.86,16,192.48,BE S
AMGN,long,2025-04-09,2025-05-07,291.09,275.84,17,-259.25,S 2 L
AMGN,short,2025-05-07,2025-05-09,275.84,265.86,36,359.28,BE S
TMO,long,2025-04-09,2025-05-06,453.55,407.02,11,-511.83,Hard Stop S
BSX,long,2025-06-13,2025-06-17,99.74,101.73,50,99.5,BE L
NEE,long,2025-04-09,2025-05-12,67.58,69.69,74,156.14,Target L
NEE,short,2025-06-16,2025-06-18,73.78,71.57,68,150.28,BE S
HON,long,2025-04-09,2025-05-02,199.1,214.13,25,375.75,BE L
SYK,long,2025-04-09,2025-05-15,362.97,392.2,14,409.22,BE L
TJX,short,2025-05-08,2025-05-16,128.09,133.34,39,-204.75,L 2 S
TJX,long,2025-05-16,2025-05-20,133.34,134.93,75,119.25,Target L
TJX,long,2025-06-27,2025-07-03,123.38,125.86,41,101.68,BE L
DE,long,2025-04-09,2025-05-08,452.59,489.99,11,411.4,BE L
DHR,long,2025-04-09,2025-04-22,191.89,192.07,26,4.68,Gap out L
GILD,short,2025-03-04,2025-03-14,114.74,111.44,44,145.2,BE S
GILD,long,2025-03-21,2025-03-27,107.08,111.16,47,191.76,BE L
AMAT,long,2025-04-07,2025-04-09,132.85,149.73,38,641.44,BE L
UNP,long,2025-03-31,2025-04-07,236.24,209.97,21,-551.67,Hard Stop S
UNP,long,2025-04-09,2025-05-12,223.53,230.87,22,161.48,Target L
PANW,long,2025-03-11,2025-03-19,178.93,187.54,28,241.08,BE L
PANW,long,2025-04-09,2025-05-02,173.02,187.7,29,425.72,BE L
PANW,short,2025-06-26,2025-07-02,202.34,196.97,25,134.25,BE S
ADP,long,2025-04-09,2025-05-15,294.69,315.85,17,359.72,BE L
GEV,long,2025-03-11,2025-03-14,284.21,313.63,18,529.56,BE L
ETN,short,2025-03-25,2025-03-26,300.0,285.52,17,246.16,BE S
ETN,long,2025-04-07,2025-04-09,252.45,283.59,20,622.8,BE L
ETN,long,2025-04-09,2025-05-12,283.59,322.09,18,693.0,Target L
CMCSA,short,2025-04-01,2025-04-03,36.72,35.72,136,136.0,BE S
CMCSA,long,2025-04-09,2025-05-16,35.18,35.48,142,42.6,Target L
LOW,long,2025-04-09,2025-05-12,223.2,232.78,22,210.76,Target L
LOW,short,2025-05-13,2025-05-22,230.77,223.75,22,154.44,BE S
ANET,long,2025-04-07,2025-04-14,68.17,73.59,73,395.66,Gap out L
CB,short,2025-03-28,2025-04-04,296.44,280.68,17,267.92,BE S
VRTX,long,2025-04-09,2025-05-08,482.3,429.6,10,-527.0,S 2 L
MMC,short,2025-03-04,2025-03-12,236.77,229.81,21,146.16,BE S
MMC,long,2025-04-09,2025-05-14,229.56,222.51,22,-155.1,S 2 L
MMC,short,2025-05-14,2025-06-11,222.51,217.29,45,234.9,Target S
APH,long,2025-04-07,2025-04-23,60.9,71.15,82,840.5,Gap out L
APH,short,2025-06-09,2025-06-24,92.96,95.8,54,-153.36,L 2 S
APH,long,2025-06-24,2025-06-27,95.8,97.67,104,194.48,BE L
MDT,long,2025-04-09,2025-05-07,85.28,83.16,59,-125.08,S 2 L
MDT,short,2025-05-07,2025-05-15,83.16,86.11,120,-354.0,L 2 S
MDT,long,2025-05-15,2025-05-23,86.11,80.68,116,-629.88,S 2 L
MDT,short,2025-05-23,2025-06-27,80.68,86.02,124,-662.16,L 2 S
MDT,long,2025-06-27,2025-07-01,86.02,88.75,116,316.68,BE L
ADI,short,2025-02-21,2025-02-27,238.91,223.85,21,316.26,BE S
COP,long,2025-02-18,2025-02-20,97.45,102.0,51,232.05,BE L
COP,long,2025-04-09,2025-05-05,91.51,87.61,55,-214.5,S 2 L
COP,short,2025-05-05,2025-05-13,87.61,94.17,114,-747.84,L 2 S
COP,long,2025-05-13,2025-05-28,94.17,84.58,106,-1016.54,Hard Stop S
KKR,long,2025-04-07,2025-04-23,97.54,106.81,51,472.77,Gap out L
PLD,long,2025-04-09,2025-05-12,98.22,110.33,51,617.61,Target L
ICE,short,2025-05-12,2025-06-17,173.44,180.99,29,-218.95,L 2 S
ICE,long,2025-06-17,2025-07-01,180.99,181.86,55,47.85,Target L
SBUX,long,2025-04-09,2025-05-05,88.68,81.66,56,-393.12,S 2 L
SBUX,short,2025-05-05,2025-06-09,81.66,90.67,122,-1099.22,Hard Stop L
WELL,short,2025-06-03,2025-06-23,152.2,154.12,33,-63.36,L 2 S
WELL,long,2025-06-23,2025-07-01,154.12,151.6,65,-163.8,S 2 L
MO,short,2025-04-25,2025-05-13,58.26,56.47,86,153.94,BE S
AMT,short,2025-04-04,2025-04-08,220.17,204.66,23,356.73,BE S
CME,short,2025-03-04,2025-03-17,251.98,263.58,20,-232.0,L 2 S
CME,short,2025-03-21,2025-04-03,263.35,268.36,19,-95.19,L 2 S
CME,long,2025-04-03,2025-05-02,268.36,280.45,37,447.33,Target L
BMY,short,2025-03-04,2025-04-04,59.44,55.3,84,347.76,Target S
BMY,long,2025-05-12,2025-06-12,48.18,50.69,104,261.04,BE L
TT,long,2025-03-07,2025-03-24,344.76,357.6,15,192.6,BE L
TT,long,2025-04-09,2025-04-30,342.8,383.31,15,607.65,Gap out L
TT,short,2025-05-08,2025-06-23,405.65,426.92,12,-255.24,L 2 S
TT,long,2025-06-23,2025-06-30,426.92,437.41,23,241.27,BE L
WM,short,2025-03-04,2025-03-11,229.96,224.21,22,126.5,BE S
WM,short,2025-05-08,2025-05-12,233.13,225.57,21,158.76,BE S
NKE,long,2025-04-04,2025-05-12,57.25,62.58,87,463.71,Gap out L
DASH,short,2025-02-07,2025-03-06,195.54,180.11,26,401.18,BE S
DASH,long,2025-03-11,2025-03-24,183.73,198.98,27,411.75,BE L
DASH,long,2025-04-07,2025-04-09,166.3,188.58,30,668.4,BE L
FI,short,2025-02-04,2025-02-18,214.22,236.28,23,-507.38,Hard Stop L
FI,short,2025-02-20,2025-03-04,234.43,223.92,21,220.71,BE S
FI,long,2025-04-09,2025-04-24,210.38,176.9,24,-803.52,S 2 L
FI,short,2025-04-24,2025-05-15,176.9,159.13,57,1012.89,BE S
CTAS,short,2025-02-14,2025-03-07,204.22,203.06,24,27.84,Target S
CTAS,long,2025-03-14,2025-03-26,192.84,204.71,26,308.62,Gap out L
DUK,short,2025-03-04,2025-03-13,116.41,118.21,43,-77.4,L 2 S
DUK,long,2025-03-13,2025-03-17,118.21,120.81,85,221.0,BE L
SHW,short,2025-01-31,2025-02-21,358.16,344.57,14,190.26,BE S
SHW,long,2025-04-09,2025-05-02,336.25,359.64,15,350.85,BE L
ELV,short,2025-04-15,2025-04-17,437.77,424.53,11,145.64,Gap out S
ELV,long,2025-06-24,2025-06-30,376.42,388.96,13,163.02,BE L
MCO,long,2025-04-09,2025-05-12,438.59,487.06,11,533.17,BE L
MCO,short,2025-05-13,2025-05-21,484.7,472.78,10,119.2,BE S
INTC,long,2025-04-09,2025-04-16,21.53,19.23,232,-533.6,Hard Stop S
ABNB,long,2025-04-09,2025-05-12,121.32,134.21,41,528.49,Target L
ABNB,short,2025-06-09,2025-06-17,139.01,133.37,36,203.04,BE S
AJG,short,2025-02-14,2025-04-07,321.5,310.86,16,170.24,Target S
CI,short,2025-03-21,2025-04-03,316.65,338.45,16,-348.8,L 2 S
CI,long,2025-04-03,2025-05-05,338.45,333.01,30,-163.2,S 2 L
CI,short,2025-05-05,2025-05-12,333.01,315.74,30,518.1,BE S
UPS,long,2025-04-02,2025-04-04,110.2,97.71,45,-562.05,Hard Stop S
UPS,long,2025-04-09,2025-05-12,99.66,101.21,50,77.5,Target L
UPS,short,2025-05-13,2025-05-21,99.81,95.85,50,198.0,BE S
UPS,short,2025-07-03,2025-07-07,104.13,100.85,48,157.44,BE S
CDNS,short,2025-03-26,2025-03-31,263.41,254.33,19,172.52,BE S
FTNT,long,2025-04-07,2025-04-09,88.0,99.93,57,680.01,BE L
FTNT,long,2025-06-02,2025-06-13,102.47,100.83,49,-80.36,S 2 L
FTNT,short,2025-06-13,2025-06-24,100.83,104.42,99,-355.41,L 2 S
RSG,short,2025-01-29,2025-02-28,212.31,237.02,24,-593.04,Hard Stop L
RSG,short,2025-05-08,2025-05-12,249.33,241.46,20,157.4,BE S
RSG,short,2025-05-22,2025-06-25,251.0,243.88,20,142.4,BE S
MMM,short,2025-03-26,2025-03-27,152.68,148.44,33,139.92,BE S
DELL,long,2025-04-07,2025-04-14,75.0,85.19,67,682.73,Gap out L
COF,short,2025-05-14,2025-05-21,197.24,186.93,25,257.75,BE S
ZTS,long,2025-04-09,2025-05-06,153.55,149.87,33,-121.44,S 2 L
ZTS,short,2025-05-06,2025-05-27,149.87,166.26,67,-1098.13,Hard Stop L
ZTS,short,2025-06-04,2025-06-09,168.59,164.61,30,119.4,BE S
ECL,short,2025-02-21,2025-03-07,264.69,269.26,19,-86.83,L 2 S
ECL,long,2025-03-07,2025-03-17,269.26,251.88,37,-643.06,S 2 L
ECL,short,2025-03-17,2025-04-04,251.88,237.77,40,564.4,BE S
ECL,long,2025-04-09,2025-04-30,237.55,251.43,21,291.48,BE L
RCL,short,2025-01-31,2025-02-20,266.6,243.89,19,431.49,BE S
RCL,long,2025-04-07,2025-04-09,179.55,209.51,28,838.88,BE L
RCL,short,2025-06-09,2025-06-12,273.99,265.73,18,148.68,BE S
WMB,short,2025-06-03,2025-06-09,61.11,59.66,82,118.9,BE S
CL,long,2025-05-06,2025-05-30,91.0,92.94,55,106.7,BE L
MAR,long,2025-04-09,2025-05-06,233.39,251.96,21,389.97,Target L
ITW,short,2025-05-13,2025-05-23,249.14,241.84,20,146.0,BE S
PYPL,long,2025-04-09,2025-05-08,63.95,70.48,78,509.34,BE L
HWM,short,2025-03-03,2025-03-06,131.02,124.49,38,248.14,BE S
HWM,short,2025-03-26,2025-03-28,134.14,129.69,37,164.65,BE S
CMG,long,2025-02-25,2025-03-10,52.47,49.83,95,-250.8,S 2 L
CMG,short,2025-03-10,2025-04-01,49.83,51.67,201,-369.84,L 2 S
CMG,long,2025-04-01,2025-04-08,51.67,45.98,194,-1103.86,Hard Stop S
PNC,short,2025-02-07,2025-02-12,200.72,195.59,25,128.25,BE S
PNC,long,2025-04-09,2025-05-12,160.23,175.0,31,457.87,Target L
PNC,short,2025-06-11,2025-06-13,177.74,173.37,28,122.36,BE S
MSI,short,2025-02-07,2025-02-12,479.31,466.9,10,124.1,BE S
MSI,long,2025-04-09,2025-05-06,417.19,412.64,12,-54.6,S 2 L
MSI,short,2025-05-06,2025-06-24,412.64,418.35,24,-137.04,L 2 S
MSI,long,2025-06-24,2025-07-01,418.35,425.65,24,175.2,BE L
USB,long,2025-04-09,2025-05-12,39.3,44.01,127,598.17,Target L
EMR,long,2025-04-09,2025-05-07,104.43,109.86,48,260.64,Gap out L
EMR,short,2025-06-25,2025-07-03,129.44,139.76,39,-402.48,L 2 S
JCI,long,2025-04-09,2025-05-01,78.83,87.25,63,530.46,BE L
WDAY,short,2025-02-07,2025-02-12,271.89,257.92,18,251.46,BE S
WDAY,long,2025-02-24,2025-02-26,261.81,271.09,19,176.32,Gap out L
WDAY,long,2025-03-05,2025-03-31,259.61,233.53,19,-495.52,Hard Stop S
WDAY,long,2025-04-09,2025-05-02,231.42,248.68,22,379.72,BE L
COIN,long,2025-04-09,2025-04-24,177.09,203.87,28,749.84,BE L
ADSK,long,2025-04-09,2025-05-07,263.53,283.36,19,376.77,BE L
KMI,short,2025-05-28,2025-06-20,27.95,28.01,179,-10.74,L 2 S
KMI,long,2025-06-20,2025-06-25,28.01,28.31,357,107.1,Target L
APD,long,2025-03-17,2025-04-01,295.62,293.45,17,-36.89,S 2 L
APD,short,2025-04-01,2025-04-03,293.45,283.2,34,348.5,BE S
APD,long,2025-04-09,2025-05-06,270.2,267.62,19,-49.02,S 2 L
APD,short,2025-05-06,2025-06-03,267.62,283.29,37,-579.79,L 2 S
APD,long,2025-06-03,2025-07-02,283.29,290.3,35,245.35,BE L
EOG,long,2025-03-14,2025-03-24,123.92,128.27,40,174.0,BE L
EOG,long,2025-04-09,2025-05-05,114.05,108.52,44,-243.32,S 2 L
EOG,short,2025-05-05,2025-05-13,108.52,116.65,92,-747.96,L 2 S
EOG,long,2025-05-13,2025-06-11,116.65,119.92,86,281.22,Target L
TRV,short,2025-03-04,2025-03-18,255.7,260.5,20,-96.0,L 2 S
TRV,long,2025-03-18,2025-04-07,260.5,233.83,38,-1013.46,Hard Stop S
MNST,short,2025-06-04,2025-06-18,63.16,63.19,79,-2.37,L 2 S
MNST,long,2025-06-18,2025-06-27,63.19,61.71,158,-233.84,S 2 L
CHTR,long,2025-04-09,2025-04-25,346.98,373.65,14,373.38,Gap out L
SPG,short,2025-02-21,2025-03-06,183.8,174.54,27,250.02,BE S
SPG,long,2025-04-09,2025-05-12,153.18,171.44,33,602.58,Target L
DLR,long,2025-02-04,2025-02-06,163.34,168.11,31,147.87,BE L
DLR,long,2025-04-09,2025-04-25,145.77,159.88,34,479.74,Target L
DLR,short,2025-06-20,2025-06-26,175.42,169.59,29,169.07,BE S
CARR,short,2025-03-26,2025-03-28,66.97,63.33,75,273.0,BE S
CARR,long,2025-04-09,2025-05-01,60.77,69.8,82,740.46,Gap out L
CSX,long,2025-04-09,2025-05-12,28.66,30.31,174,287.1,Target L
CSX,short,2025-06-20,2025-07-01,32.06,33.47,156,-219.96,L 2 S
CSX,long,2025-07-01,2025-07-03,33.47,33.6,299,38.87,Target L
HLT,long,2025-04-09,2025-05-01,218.65,234.09,23,355.12,BE L
FCX,short,2025-03-26,2025-03-28,41.49,38.42,121,371.47,BE S
NEM,short,2025-02-14,2025-02-24,46.54,44.04,107,267.5,BE S
PAYX,long,2025-03-14,2025-03-26,145.44,150.19,34,161.5,BE L
PAYX,long,2025-04-09,2025-05-16,146.15,155.98,34,334.22,BE L
PAYX,short,2025-05-28,2025-06-11,156.99,154.04,32,94.4,BE S
NSC,long,2025-04-09,2025-05-12,222.02,239.11,23,393.07,BE L
AFL,long,2025-04-09,2025-06-17,105.3,102.09,47,-150.87,S 2 L
AFL,short,2025-06-17,2025-06-26,102.09,103.91,98,-178.36,L 2 S
COR,short,2025-03-04,2025-03-14,253.28,258.07,20,-95.8,L 2 S
COR,long,2025-03-14,2025-03-19,258.07,265.81,39,301.86,BE L
COR,short,2025-04-21,2025-05-07,281.16,304.58,18,-421.56,L 2 S
COR,long,2025-05-07,2025-06-04,304.58,289.02,33,-513.48,S 2 L
COR,short,2025-06-04,2025-06-17,289.02,293.2,35,-146.3,L 2 S
COR,long,2025-06-17,2025-06-27,293.2,299.42,34,211.48,BE L
ALL,short,2025-01-31,2025-02-10,192.33,186.58,26,149.5,BE S
ALL,short,2025-03-04,2025-03-18,199.03,205.34,25,-157.75,L 2 S
ALL,long,2025-03-18,2025-04-07,205.34,180.53,49,-1215.69,S 2 L
ALL,short,2025-04-07,2025-04-15,180.53,194.54,55,-770.55,L 2 S
ALL,long,2025-04-15,2025-05-06,194.54,202.06,51,383.52,BE L
AEP,short,2025-03-11,2025-04-02,104.43,107.75,48,-159.36,L 2 S
AEP,long,2025-04-09,2025-04-17,102.35,107.71,49,262.64,BE L
MET,long,2025-04-09,2025-07-02,75.24,80.15,66,324.06,Target L
PWR,long,2025-04-07,2025-04-09,245.2,269.6,20,488.0,BE L
PSA,long,2025-04-09,2025-05-08,282.29,300.7,18,331.38,BE L
FDX,long,2025-04-09,2025-05-12,217.94,232.95,23,345.23,Gap out L
OKE,long,2025-04-09,2025-05-05,84.86,80.15,59,-277.89,S 2 L
OKE,short,2025-05-05,2025-05-13,80.15,86.51,125,-795.0,L 2 S
OKE,long,2025-05-13,2025-06-16,86.51,82.15,116,-505.76,S 2 L
OKE,short,2025-06-16,2025-06-24,82.15,80.56,122,193.98,Target S
AIG,short,2025-03-19,2025-04-02,83.66,87.72,60,-243.6,L 2 S
AIG,long,2025-04-02,2025-04-07,87.72,77.56,114,-1158.24,Hard Stop S
SRE,long,2025-04-09,2025-04-23,68.06,73.31,73,383.25,BE L
SRE,short,2025-06-03,2025-06-05,77.79,75.95,64,117.76,BE S
BDX,short,2025-01-29,2025-02-06,246.9,227.21,20,393.8,BE S
MPC,short,2025-02-06,2025-03-04,151.93,142.62,33,307.23,BE S
MPC,long,2025-04-09,2025-05-08,131.42,149.97,38,704.9,BE L
NDAQ,short,2025-02-07,2025-02-11,82.82,80.29,60,151.8,BE S
NDAQ,long,2025-04-09,2025-05-02,71.99,78.18,69,427.11,BE L
PCAR,long,2025-02-13,2025-03-07,105.26,110.06,48,230.4,BE L
PCAR,long,2025-03-17,2025-04-03,101.17,92.36,49,-431.69,S 2 L
PCAR,short,2025-04-03,2025-04-07,92.36,88.14,108,455.76,Target S
PCAR,long,2025-04-09,2025-05-05,93.93,89.45,53,-237.44,S 2 L
PCAR,short,2025-05-05,2025-05-14,89.45,94.65,112,-582.4,L 2 S
PCAR,long,2025-05-14,2025-07-01,94.65,98.2,106,376.3,BE L
CTVA,long,2025-04-09,2025-05-08,58.56,66.86,85,705.5,BE L
TEL,long,2025-04-02,2025-04-04,142.29,122.0,35,-710.15,Hard Stop S
CPRT,short,2025-02-07,2025-02-21,58.21,56.59,86,139.32,BE S
D,short,2025-02-14,2025-03-06,55.59,53.69,90,171.0,BE S
D,long,2025-04-09,2025-05-16,52.25,55.77,96,337.92,BE L
ROST,long,2025-03-05,2025-03-13,138.64,123.3,36,-552.24,S 2 L
ROST,short,2025-03-13,2025-04-09,123.3,137.0,81,-1109.7,L 2 S
ROST,long,2025-04-09,2025-04-11,137.0,141.51,73,329.23,Target L
PSX,short,2025-03-03,2025-03-05,124.99,119.74,40,210.0,BE S
PSX,long,2025-03-06,2025-03-17,122.79,129.19,41,262.4,BE L
PSX,long,2025-04-09,2025-05-12,103.13,118.68,48,746.4,Gap out L
SLB,long,2025-03-05,2025-03-07,39.43,41.37,127,246.38,BE L
SLB,long,2025-04-09,2025-06-23,35.98,33.73,139,-312.75,S 2 L
SLB,short,2025-06-23,2025-07-02,33.73,35.91,296,-645.28,L 2 S
LHX,long,2025-02-20,2025-02-25,197.23,203.97,25,168.5,BE L
LHX,short,2025-04-15,2025-05-15,220.95,226.86,23,-135.93,L 2 S
LHX,long,2025-05-15,2025-05-19,226.86,230.97,44,180.84,Target L
GM,short,2025-03-26,2025-03-27,50.95,47.2,98,367.5,BE S
GM,long,2025-04-09,2025-05-05,45.74,45.38,109,-39.24,S 2 L
GM,short,2025-05-05,2025-05-13,45.38,50.46,220,-1117.6,L 2 S
GM,long,2025-05-13,2025-06-02,50.46,47.69,198,-548.46,S 2 L
GM,short,2025-06-02,2025-06-30,47.69,49.21,210,-319.2,L 2 S
GM,long,2025-06-30,2025-07-01,49.21,52.03,203,572.46,BE L
EW,long,2025-06-23,2025-06-27,75.32,78.21,66,190.74,BE L
CMI,long,2025-04-09,2025-05-12,296.55,330.59,17,578.68,Gap out L
VRSK,long,2025-04-09,2025-05-07,289.34,309.9,17,349.52,BE L
KMB,short,2025-03-04,2025-04-03,141.14,145.22,35,-142.8,L 2 S
KMB,long,2025-04-03,2025-04-24,145.22,132.34,69,-888.72,S 2 L
KMB,short,2025-04-24,2025-05-15,132.34,137.35,76,-380.76,L 2 S
KMB,long,2025-05-15,2025-05-19,137.35,140.79,73,251.12,BE L
TGT,long,2025-02-11,2025-03-04,132.45,117.14,38,-581.78,Hard Stop S
TGT,long,2025-03-07,2025-04-02,115.08,105.77,43,-400.33,S 2 L
TGT,short,2025-04-02,2025-04-03,105.77,94.28,95,1091.55,BE S
TGT,long,2025-04-09,2025-05-12,97.69,101.08,51,172.89,Target L
KR,short,2025-03-11,2025-04-01,66.55,68.14,75,-119.25,L 2 S
KR,long,2025-04-01,2025-04-03,68.14,70.74,147,382.2,BE L
GLW,short,2025-05-14,2025-06-23,47.01,51.8,106,-507.74,L 2 S
GLW,long,2025-06-23,2025-07-03,51.8,53.04,193,239.32,Target L
CCI,short,2025-04-04,2025-04-08,100.98,94.83,50,307.5,BE S
EXC,short,2025-03-04,2025-03-12,43.68,42.61,114,121.98,BE S
EXC,short,2025-04-21,2025-05-12,46.23,43.61,108,282.96,BE S
FIS,short,2025-02-10,2025-02-11,82.66,73.16,60,570.0,BE S
FIS,long,2025-04-09,2025-04-22,72.41,79.12,69,462.99,BE L
FIS,short,2025-06-10,2025-06-13,81.1,79.35,62,108.5,BE S
TTWO,short,2025-02-14,2025-03-21,208.76,213.47,24,-113.04,L 2 S
TTWO,long,2025-03-21,2025-04-01,213.47,210.13,47,-156.98,S 2 L
TTWO,short,2025-04-01,2025-04-04,210.13,194.58,48,746.4,BE S
TTWO,short,2025-05-16,2025-06-24,226.74,243.05,22,-358.82,L 2 S
IDXX,long,2025-04-09,2025-04-23,397.1,426.63,13,383.89,BE L
HES,long,2025-04-09,2025-05-06,137.97,128.87,36,-327.6,S 2 L
HES,short,2025-05-06,2025-06-02,128.87,133.75,78,-380.64,L 2 S
HES,long,2025-06-02,2025-06-10,133.75,138.66,75,368.25,Target L
OXY,long,2025-02-04,2025-02-19,47.59,50.99,105,357.0,BE L
OXY,long,2025-04-09,2025-05-05,40.23,38.81,124,-176.08,S 2 L
OXY,short,2025-05-05,2025-05-12,38.81,43.86,258,-1302.9,Hard Stop L
OXY,short,2025-06-23,2025-06-30,43.95,42.01,114,221.16,BE S
KVUE,short,2025-03-04,2025-04-04,23.42,22.33,213,232.17,BE S
KVUE,short,2025-05-19,2025-06-03,24.0,22.21,208,372.32,BE S
AME,long,2025-04-09,2025-05-12,161.0,179.38,31,569.78,BE L
FANG,long,2025-04-09,2025-05-06,134.93,131.98,37,-109.15,S 2 L
FANG,short,2025-05-06,2025-05-13,131.98,146.17,76,-1078.44,Hard Stop L
VLO,long,2025-03-06,2025-03-17,126.0,132.95,40,278.0,BE L
PEG,long,2025-05-06,2025-06-03,79.7,82.31,63,164.43,Target L
GRMN,short,2025-01-29,2025-02-19,214.34,241.93,23,-634.57,Hard Stop L
GRMN,short,2025-02-27,2025-03-10,224.06,215.32,22,192.28,BE S
GRMN,long,2025-04-09,2025-05-05,192.71,190.15,26,-66.56,S 2 L
GRMN,short,2025-05-05,2025-06-10,190.15,210.12,53,-1058.41,Hard Stop L
CTSH,long,2025-04-09,2025-05-05,72.89,77.91,69,346.38,BE L
CTSH,short,2025-05-13,2025-05-23,81.27,79.12,62,133.3,BE S
XEL,short,2025-02-25,2025-03-06,70.45,67.66,71,198.09,BE S
OTIS,short,2025-02-26,2025-03-10,98.73,103.92,51,-264.69,L 2 S
OTIS,long,2025-03-10,2025-04-07,103.92,91.96,96,-1148.16,Hard Stop S
OTIS,long,2025-04-09,2025-06-02,94.28,94.21,53,-3.71,S 2 L
OTIS,short,2025-06-02,2025-06-16,94.21,96.45,106,-237.44,L 2 S
OTIS,long,2025-06-16,2025-06-30,96.45,99.02,104,267.28,BE L
BKR,short,2025-02-06,2025-02-24,46.98,44.62,106,250.16,BE S
BKR,long,2025-04-09,2025-06-10,38.75,39.08,129,42.57,Target L
BKR,short,2025-06-18,2025-06-23,38.98,37.83,128,147.2,BE S
EA,short,2025-03-11,2025-04-09,137.88,136.58,36,46.8,Target S
EA,long,2025-04-09,2025-04-14,136.58,145.5,37,330.04,BE L
PRU,long,2025-04-09,2025-05-23,103.91,101.92,48,-95.52,S 2 L
DHI,long,2025-06-03,2025-06-04,118.35,123.53,42,217.56,BE L
CAH,short,2025-03-25,2025-04-02,132.75,138.67,38,-224.96,L 2 S
CAH,long,2025-04-09,2025-04-29,130.45,139.84,38,356.82,BE L
CAH,short,2025-05-08,2025-06-16,147.27,162.41,34,-514.76,Hard Stop L
CAH,short,2025-06-20,2025-07-07,163.4,167.63,31,-131.13,L 2 S
RMD,long,2025-02-25,2025-03-11,236.19,225.79,21,-218.4,S 2 L
RMD,short,2025-03-11,2025-03-14,225.79,224.16,44,71.72,Target S
RMD,long,2025-04-17,2025-04-24,212.91,236.1,23,533.37,Gap out L
HIG,short,2025-05-13,2025-06-06,127.93,129.33,39,-54.6,L 2 S
HIG,long,2025-06-06,2025-07-02,129.33,122.9,77,-495.11,S 2 L
ED,short,2025-02-06,2025-03-10,95.42,106.66,52,-584.48,Hard Stop L
ED,short,2025-04-04,2025-04-07,109.32,105.4,46,180.32,BE S
ROK,long,2025-04-09,2025-05-07,242.43,283.17,21,855.54,Gap out L
EBAY,short,2025-02-26,2025-02-27,69.14,63.48,72,407.52,BE S
EBAY,long,2025-02-28,2025-03-07,64.74,70.51,77,444.29,BE L
EBAY,short,2025-04-28,2025-05-30,66.32,73.17,75,-513.75,Hard Stop L
ACGL,short,2025-03-28,2025-04-04,95.06,87.83,53,383.19,BE S
ACGL,long,2025-06-12,2025-07-02,91.91,88.38,54,-190.62,S 2 L
WAB,short,2025-01-31,2025-02-12,207.92,189.27,24,447.6,Gap out S
WAB,long,2025-04-09,2025-04-23,175.82,181.97,28,172.2,Gap out L
PCG,short,2025-04-24,2025-04-30,17.39,16.52,288,250.56,BE S
DXCM,short,2025-02-19,2025-03-03,89.68,85.99,56,206.64,BE S
DXCM,long,2025-04-09,2025-05-02,66.84,81.62,75,1108.5,Gap out L
ODFL,long,2025-04-09,2025-04-16,165.49,147.85,30,-529.2,Hard Stop S
EQT,short,2025-03-26,2025-04-03,52.92,52.09,94,78.02,Gap out S
EQT,short,2025-05-08,2025-06-06,53.4,56.39,94,-281.06,L 2 S
EQT,long,2025-06-06,2025-06-17,56.39,58.87,177,438.96,Target L
EQT,short,2025-06-23,2025-07-01,59.37,55.72,84,306.6,BE S
WEC,short,2025-03-04,2025-03-14,105.5,106.75,47,-58.75,L 2 S
WEC,long,2025-03-14,2025-04-03,106.75,108.53,94,167.32,Target L
IR,long,2025-02-20,2025-03-31,86.77,80.03,58,-390.92,S 2 L
IR,short,2025-03-31,2025-04-03,80.03,73.52,125,813.75,BE S
IR,long,2025-04-09,2025-05-12,73.32,84.22,68,741.2,Target L
IR,short,2025-06-11,2025-06-13,83.2,80.5,60,162.0,BE S
EFX,long,2025-04-09,2025-04-22,224.44,245.08,22,454.08,Gap out L
DAL,short,2025-06-11,2025-06-13,49.17,47.04,102,217.26,Gap out S
DAL,long,2025-06-23,2025-07-03,48.25,50.86,104,271.44,BE L
VICI,short,2025-03-04,2025-04-04,32.18,30.59,155,246.45,BE S
VICI,long,2025-04-09,2025-04-17,30.79,32.54,162,283.5,BE L
EXR,long,2025-04-09,2025-04-30,135.69,146.52,37,400.71,BE L
CSGP,short,2025-02-07,2025-02-12,77.25,73.27,65,258.7,BE S
CSGP,short,2025-04-28,2025-04-30,81.74,74.17,61,461.77,BE S
A,long,2025-03-05,2025-04-02,126.51,115.99,40,-420.8,S 2 L
A,short,2025-04-02,2025-04-03,115.99,109.67,86,543.52,BE S
A,short,2025-05-09,2025-06-04,106.93,114.94,47,-376.47,L 2 S
A,long,2025-06-04,2025-06-10,114.94,120.52,87,485.46,BE L
TKO,long,2025-04-09,2025-04-28,148.54,160.43,34,404.26,BE L
TKO,short,2025-06-06,2025-06-23,165.94,175.53,30,-287.7,L 2 S
TKO,long,2025-06-23,2025-06-30,175.53,181.95,57,365.94,BE L
GEHC,long,2025-03-17,2025-04-01,82.47,79.57,61,-176.9,S 2 L
GEHC,short,2025-04-01,2025-04-03,79.57,72.0,126,953.82,BE S
GEHC,long,2025-04-09,2025-04-30,64.98,70.33,77,411.95,Gap out L
HSY,long,2025-05-29,2025-06-09,161.32,166.91,31,173.29,BE L
IT,long,2025-03-05,2025-03-13,490.27,452.06,10,-382.1,S 2 L
IT,short,2025-03-13,2025-03-20,452.06,418.77,22,732.38,BE S
IT,long,2025-04-09,2025-05-07,406.13,437.85,12,380.64,BE L
CCL,short,2025-01-31,2025-02-10,27.67,26.1,181,284.17,BE S
LULU,long,2025-04-02,2025-04-08,282.75,247.61,18,-632.52,Hard Stop S
LULU,short,2025-05-09,2025-05-13,279.77,310.61,18,-555.12,Hard Stop L
BRO,long,2025-04-09,2025-04-29,116.64,107.99,43,-371.95,S 2 L
BRO,short,2025-04-29,2025-06-11,107.99,104.48,93,326.43,Target S
KHC,long,2025-04-09,2025-05-15,29.1,27.49,172,-276.92,S 2 L
KHC,short,2025-05-15,2025-05-21,27.49,26.63,364,313.04,BE S
XYL,long,2025-04-09,2025-04-29,110.5,118.62,45,365.4,BE L
XYL,short,2025-05-13,2025-05-23,126.93,124.05,39,112.32,BE S
WTW,short,2025-03-04,2025-03-11,333.94,326.52,15,111.3,BE S
NRG,long,2025-03-11,2025-03-17,88.62,96.13,56,420.56,BE L
STZ,short,2025-04-02,2025-04-04,182.73,173.86,27,239.49,BE S
IRM,long,2025-04-09,2025-05-01,84.49,91.85,59,434.24,BE L
IRM,short,2025-05-08,2025-06-04,96.74,100.21,52,-180.44,L 2 S
IRM,long,2025-06-04,2025-06-06,100.21,102.21,100,200.0,Target L
GIS,long,2025-05-08,2025-05-28,54.71,53.37,91,-121.94,S 2 L
GIS,short,2025-05-28,2025-06-25,53.37,50.68,187,503.03,BE S
ANSS,long,2025-03-20,2025-03-31,324.63,316.56,15,-121.05,S 2 L
ANSS,short,2025-03-31,2025-04-03,316.56,310.45,32,195.52,Target S
RJF,long,2025-04-07,2025-04-09,124.94,136.28,40,453.6,BE L
MTB,long,2025-04-09,2025-05-12,168.06,184.7,30,499.2,Target L
LEN,short,2025-05-09,2025-05-22,108.64,105.29,46,154.1,BE S
LEN,long,2025-06-03,2025-06-04,106.65,110.23,47,168.26,BE L
LEN,short,2025-06-11,2025-06-17,111.5,104.61,45,310.05,BE S
DD,long,2025-04-09,2025-05-12,61.95,71.27,81,754.92,Gap out L
DD,short,2025-05-13,2025-05-21,70.61,67.91,71,191.7,BE S
LVS,short,2025-06-11,2025-06-13,41.84,40.33,120,181.2,BE S
WRB,short,2025-03-04,2025-03-18,62.23,63.4,80,-93.6,L 2 S
WRB,long,2025-03-18,2025-03-26,63.4,65.24,158,290.72,BE L
STT,long,2025-04-09,2025-05-02,82.32,90.53,61,500.81,BE L
NUE,long,2025-04-02,2025-04-03,123.03,109.79,41,-542.84,Hard Stop S
ROL,short,2025-03-28,2025-04-07,53.06,50.95,94,198.34,BE S
EXE,short,2025-06-03,2025-06-05,118.22,115.57,42,111.3,BE S
HUM,long,2025-03-13,2025-03-17,251.73,264.41,20,253.6,BE L
HUM,short,2025-03-26,2025-04-04,270.48,253.77,18,300.78,BE S
HUM,short,2025-04-14,2025-04-17,284.82,264.48,18,366.12,Gap out S
DTE,short,2025-03-24,2025-04-03,136.15,139.49,37,-123.58,L 2 S
DTE,long,2025-04-09,2025-05-06,130.51,137.66,38,271.7,BE L
UAL,short,2025-01-31,2025-02-13,105.84,100.89,47,232.65,BE S
CNC,long,2025-06-03,2025-06-20,55.37,54.4,90,-87.3,S 2 L
CNC,short,2025-06-20,2025-07-02,54.4,33.78,184,3794.08,Gap out S
AWK,short,2025-04-04,2025-04-08,147.23,140.87,34,216.24,BE S
TSCO,long,2025-04-09,2025-05-22,51.38,49.67,97,-165.87,S 2 L
TSCO,short,2025-05-22,2025-06-02,49.67,47.86,201,363.81,BE S
STX,short,2025-03-03,2025-03-04,100.06,94.08,50,299.0,BE S
STX,long,2025-04-09,2025-04-23,74.29,78.09,67,254.6,Gap out L
EQR,short,2025-03-04,2025-03-10,73.44,70.88,68,174.08,BE S
EQR,long,2025-04-09,2025-06-25,66.86,65.64,75,-91.5,S 2 L
VRSN,short,2025-03-04,2025-03-27,237.04,254.74,21,-371.7,L 2 S
VRSN,long,2025-03-27,2025-04-01,254.74,254.98,39,9.36,Target L
VRSN,long,2025-05-30,2025-06-06,272.47,285.02,18,225.9,BE L
IQV,long,2025-03-21,2025-03-31,185.89,176.3,27,-258.93,S 2 L
IQV,short,2025-03-31,2025-04-02,176.3,174.37,57,110.01,Target S
FITB,long,2025-04-09,2025-05-12,35.82,39.24,140,478.8,Target L
FITB,short,2025-06-11,2025-06-13,39.14,37.98,128,148.48,BE S
GDDY,short,2025-03-26,2025-03-28,183.1,178.88,27,113.94,BE S
GDDY,long,2025-04-09,2025-04-29,174.12,188.46,29,415.86,BE L
AEE,short,2025-03-04,2025-03-06,100.0,97.14,50,143.0,BE S
PPG,long,2025-03-31,2025-04-07,109.35,96.93,46,-571.32,Hard Stop S
PPG,long,2025-04-09,2025-04-30,103.11,108.86,48,276.0,Gap out L
PPG,short,2025-05-13,2025-06-13,113.34,106.3,44,309.76,BE S
DRI,long,2025-04-09,2025-05-15,196.35,209.0,25,316.25,Target L
PPL,short,2025-03-04,2025-03-06,34.72,33.89,144,119.52,BE S
IP,long,2025-04-09,2025-05-01,49.02,43.89,102,-523.26,Hard Stop S
DG,short,2025-03-11,2025-03-27,78.64,87.54,64,-569.6,Hard Stop L
VLTO,long,2025-04-09,2025-05-08,91.13,97.28,55,338.25,BE L
FTV,long,2025-04-09,2025-05-05,67.76,67.59,74,-12.58,S 2 L
FTV,short,2025-05-05,2025-06-02,67.59,70.26,148,-395.16,L 2 S
FTV,long,2025-06-02,2025-06-03,70.26,72.14,142,266.96,BE L
EL,long,2025-04-09,2025-05-12,56.16,65.36,89,818.8,Gap out L
EL,short,2025-06-24,2025-07-01,77.05,85.11,65,-523.9,Hard Stop L
DOV,long,2025-04-09,2025-05-12,165.86,183.59,30,531.9,Target L
FOXA,long,2025-04-09,2025-05-06,51.51,49.54,97,-191.09,S 2 L
FOXA,short,2025-05-06,2025-05-13,49.54,55.24,202,-1151.4,Hard Stop L
CHD,short,2025-03-04,2025-03-18,110.71,107.38,45,149.85,BE S
WBD,short,2025-02-25,2025-04-03,10.69,9.16,468,716.04,Gap out S
SBAC,short,2025-04-21,2025-05-05,225.55,241.95,22,-360.8,L 2 S
SBAC,short,2025-05-07,2025-05-12,240.31,229.67,21,223.44,BE S
ATO,short,2025-03-04,2025-03-06,149.75,146.35,33,112.2,BE S
ES,short,2025-04-03,2025-04-04,61.92,58.34,81,289.98,BE S
CNP,short,2025-03-04,2025-03-12,33.69,34.55,148,-127.28,L 2 S
CNP,long,2025-03-12,2025-03-14,34.55,35.48,289,268.77,BE L
CNP,long,2025-05-15,2025-06-16,37.23,35.97,134,-168.84,S 2 L
STE,long,2025-04-09,2025-05-06,222.94,222.45,22,-10.78,S 2 L
STE,short,2025-05-06,2025-05-15,222.45,246.88,45,-1099.35,L 2 S
STE,long,2025-05-15,2025-05-19,246.88,252.55,41,232.47,Target L
CPAY,long,2025-04-09,2025-05-13,321.87,354.82,16,527.2,Target L
HPE,long,2025-04-09,2025-05-02,14.5,16.86,345,814.2,BE L
HPQ,long,2025-04-09,2025-05-12,24.28,28.26,206,819.88,Gap out L
HBAN,short,2025-02-07,2025-02-20,16.92,16.42,296,148.0,BE S
HBAN,long,2025-04-09,2025-05-08,13.71,15.22,365,551.15,BE L
HBAN,short,2025-06-11,2025-06-13,16.09,15.51,311,180.38,BE S
FE,long,2025-03-07,2025-03-14,38.56,39.83,130,165.1,BE L
FE,long,2025-06-10,2025-07-03,40.11,39.88,125,-28.75,S 2 L
TDY,long,2025-04-09,2025-06-09,468.69,505.36,11,403.37,BE L
FOX,long,2025-04-09,2025-05-06,47.71,45.97,105,-182.7,S 2 L
FOX,short,2025-05-06,2025-05-13,45.97,51.08,218,-1113.98,Hard Stop L
CBOE,short,2025-05-08,2025-05-14,228.14,213.53,22,321.42,BE S
ADM,long,2025-02-13,2025-02-21,45.71,48.19,109,270.32,BE L
ADM,short,2025-03-11,2025-03-21,48.64,46.1,103,261.62,BE S
ADM,long,2025-04-09,2025-04-17,44.38,47.82,113,388.72,BE L
ADM,short,2025-05-14,2025-06-03,49.41,47.28,101,215.13,BE S
SW,long,2025-04-09,2025-05-05,42.68,39.62,117,-358.02,S 2 L
SW,short,2025-05-05,2025-05-12,39.62,45.0,252,-1355.76,Hard Stop L
SYF,short,2025-01-31,2025-02-04,68.98,65.92,72,220.32,BE S
SYF,long,2025-03-07,2025-04-01,54.74,53.26,91,-134.68,S 2 L
SYF,short,2025-04-01,2025-04-03,53.26,46.56,188,1259.6,Gap out S
EXPE,long,2025-04-09,2025-05-09,161.68,156.66,31,-155.62,S 2 L
EXPE,short,2025-05-09,2025-06-04,156.66,169.82,64,-842.24,L 2 S
EXPE,long,2025-06-04,2025-06-06,169.82,176.55,59,397.07,Target L
PODD,short,2025-05-08,2025-05-09,257.0,310.67,19,-1019.73,Hard Stop L
NTAP,long,2025-03-07,2025-04-02,93.77,90.49,53,-173.84,S 2 L
NTAP,short,2025-04-02,2025-04-03,90.49,81.61,111,985.68,BE S
NTAP,short,2025-05-09,2025-06-03,93.45,103.66,54,-551.34,Hard Stop L
NTAP,short,2025-06-09,2025-06-27,103.06,105.72,49,-130.34,L 2 S
LH,long,2025-04-09,2025-05-02,230.48,247.66,22,377.96,BE L
LH,short,2025-05-09,2025-06-16,245.73,263.96,20,-364.6,L 2 S
LH,long,2025-06-16,2025-06-26,263.96,256.98,38,-265.24,S 2 L
HUBB,short,2025-05-01,2025-05-12,343.12,378.41,15,-529.35,Hard Stop L
NTRS,long,2025-03-07,2025-03-31,104.32,98.65,48,-272.16,S 2 L
NTRS,short,2025-03-31,2025-04-03,98.65,90.58,101,815.07,Gap out S
NTRS,long,2025-04-09,2025-05-12,93.27,105.65,54,668.52,Target L
NTRS,short,2025-06-11,2025-06-23,108.44,120.81,46,-569.02,Hard Stop L
NTRS,short,2025-06-24,2025-07-02,118.18,132.06,42,-582.96,Hard Stop L
ON,long,2025-03-07,2025-03-31,45.4,40.69,110,-518.1,S 2 L
ON,long,2025-04-02,2025-04-03,40.76,35.56,123,-639.6,Hard Stop S
ON,long,2025-04-07,2025-04-24,35.08,39.96,143,697.84,Gap out L
WAT,short,2025-05-09,2025-06-16,344.06,347.81,15,-56.25,L 2 S
TROW,long,2025-04-09,2025-05-12,90.16,97.09,55,381.15,Target L
DVN,long,2025-04-09,2025-04-10,31.07,27.75,161,-534.52,Hard Stop S
EIX,short,2025-04-03,2025-04-04,58.38,54.75,86,312.18,BE S
EIX,long,2025-04-09,2025-05-05,56.06,54.93,89,-100.57,S 2 L
EIX,short,2025-05-05,2025-06-09,54.93,49.42,182,1002.82,BE S
PTC,long,2025-04-09,2025-05-05,149.24,161.33,34,411.06,BE L
INVH,short,2025-03-11,2025-03-13,33.88,32.89,148,146.52,BE S
INVH,short,2025-04-01,2025-04-04,34.55,32.54,145,291.45,BE S
INVH,long,2025-04-09,2025-05-01,32.27,35.11,155,440.2,BE L
DOW,long,2025-04-09,2025-05-12,29.86,30.98,167,187.04,Gap out L
PHM,long,2025-04-04,2025-04-15,101.24,94.79,49,-316.05,S 2 L
PHM,short,2025-04-15,2025-05-02,94.79,104.46,105,-1015.35,Hard Stop L
MKC,short,2025-02-14,2025-03-03,76.96,84.73,65,-505.05,Hard Stop L
MKC,short,2025-03-04,2025-03-25,82.36,80.23,61,129.93,Gap out S
MKC,long,2025-04-09,2025-05-13,75.9,74.8,66,-72.6,S 2 L
MKC,short,2025-05-13,2025-05-21,74.8,72.54,134,302.84,BE S
STLD,short,2025-03-03,2025-03-07,130.5,125.03,38,207.86,BE S
STLD,short,2025-05-13,2025-05-22,135.42,129.89,37,204.61,BE S
RF,short,2025-02-07,2025-02-21,24.45,23.39,204,216.24,BE S
RF,long,2025-04-09,2025-05-12,20.0,22.25,250,562.5,Target L
DLTR,short,2025-04-08,2025-04-17,69.7,79.14,72,-679.68,Hard Stop L
DLTR,short,2025-06-18,2025-07-07,97.53,104.23,51,-341.7,L 2 S
TSN,short,2025-03-04,2025-03-27,60.5,62.38,83,-156.04,L 2 S
TSN,long,2025-03-27,2025-03-31,62.38,63.81,160,228.8,BE L
TSN,long,2025-04-09,2025-05-05,59.76,56.08,84,-309.12,S 2 L
TSN,short,2025-05-05,2025-05-07,56.08,55.18,178,160.2,Target S
IFF,long,2025-04-02,2025-04-07,78.62,70.71,64,-506.24,Hard Stop S
IFF,long,2025-04-09,2025-04-30,72.97,78.46,69,378.81,BE L
CTRA,long,2025-02-28,2025-03-17,26.99,28.16,185,216.45,BE L
BIIB,long,2025-02-13,2025-03-06,138.45,147.37,36,321.12,BE L
BIIB,short,2025-03-11,2025-03-31,143.66,136.84,35,238.7,BE S
BIIB,long,2025-04-09,2025-05-07,120.49,117.21,41,-134.48,S 2 L
BIIB,short,2025-05-07,2025-05-15,117.21,123.7,85,-551.65,L 2 S
BIIB,long,2025-05-15,2025-05-19,123.7,129.44,81,464.94,BE L
BIIB,short,2025-06-11,2025-06-17,133.06,126.56,38,247.0,BE S
DGX,short,2025-04-25,2025-06-16,173.76,182.07,29,-240.99,L 2 S
DGX,long,2025-06-16,2025-06-27,182.07,177.83,55,-233.2,S 2 L
DGX,short,2025-06-27,2025-07-07,177.83,173.97,56,216.16,BE S
ERIE,long,2025-02-13,2025-02-27,392.61,404.98,13,160.81,BE L
ERIE,long,2025-04-09,2025-04-25,402.0,361.85,12,-481.8,S 2 L
ERIE,short,2025-04-25,2025-04-29,361.85,355.82,28,168.84,Target S
WSM,long,2025-03-07,2025-03-13,188.41,165.07,27,-630.18,Hard Stop S
WSM,long,2025-04-09,2025-04-16,158.25,137.62,32,-660.16,Hard Stop S
WY,long,2025-04-09,2025-05-12,26.56,26.97,188,77.08,Target L
WY,short,2025-05-13,2025-05-14,26.69,26.02,187,125.29,BE S
WDC,short,2025-06-10,2025-06-24,55.95,62.07,89,-544.68,L 2 S
WDC,long,2025-06-24,2025-06-30,62.07,63.99,161,309.12,BE L
LUV,long,2025-04-09,2025-04-14,28.55,25.56,175,-523.25,Hard Stop S
LUV,short,2025-06-11,2025-06-13,33.49,31.73,149,262.24,BE S
JBL,long,2025-03-07,2025-03-24,139.95,149.97,36,360.72,BE L
GPN,long,2025-04-09,2025-04-17,90.26,69.46,55,-1144.0,Hard Stop S
L,short,2025-03-28,2025-04-04,90.64,83.12,55,413.6,BE S
L,short,2025-05-13,2025-06-06,88.59,89.14,56,-30.8,L 2 S
L,long,2025-06-06,2025-06-24,89.14,89.98,112,94.08,Target L
ESS,short,2025-03-04,2025-03-10,307.59,299.12,16,135.52,BE S
NI,short,2025-03-04,2025-03-06,39.77,38.59,126,148.68,BE S
NI,long,2025-04-09,2025-05-07,38.15,40.48,131,305.23,BE L
ZBH,long,2025-06-03,2025-06-10,91.85,94.92,54,165.78,BE L
GEN,long,2025-04-09,2025-05-07,25.41,27.84,197,478.71,BE L
LYB,long,2025-04-09,2025-05-12,59.83,60.68,84,71.4,Gap out L
MAA,long,2025-04-09,2025-05-02,157.85,167.77,32,317.44,BE L
KEY,long,2025-04-09,2025-05-12,14.52,16.46,344,667.36,Gap out L
FSLR,short,2025-04-23,2025-04-30,131.1,125.82,38,200.64,Gap out S
HAL,long,2025-02-04,2025-04-03,26.34,22.39,190,-750.5,S 2 L
HAL,short,2025-04-03,2025-04-04,22.39,19.98,447,1077.27,BE S
HAL,long,2025-04-09,2025-04-30,22.07,19.82,227,-510.75,Hard Stop S
PKG,long,2025-04-09,2025-06-17,189.44,186.35,26,-80.34,S 2 L
PKG,short,2025-06-17,2025-07-01,186.35,202.75,54,-885.6,L 2 S
GPC,short,2025-02-26,2025-03-07,122.1,127.17,41,-207.87,L 2 S
GPC,long,2025-03-07,2025-03-17,127.17,123.48,79,-291.51,S 2 L
GPC,short,2025-03-17,2025-03-21,123.48,118.78,81,380.7,BE S
GPC,long,2025-04-09,2025-05-12,113.98,121.99,44,352.44,BE L
PFG,long,2025-04-09,2025-05-12,77.27,81.7,65,287.95,Target L
PFG,long,2025-06-12,2025-06-27,77.02,79.19,65,141.05,BE L
TRMB,long,2025-03-07,2025-03-24,69.06,72.07,72,216.72,BE L
TRMB,long,2025-04-09,2025-05-08,61.49,67.38,81,477.09,Target L
FFIV,long,2025-03-05,2025-03-13,282.73,257.42,18,-455.58,S 2 L
FFIV,short,2025-03-13,2025-04-03,257.42,250.98,39,251.16,Gap out S
FFIV,short,2025-05-28,2025-06-05,283.29,293.96,18,-192.06,L 2 S
FFIV,long,2025-06-05,2025-06-17,293.96,288.59,34,-182.58,S 2 L
FFIV,short,2025-06-17,2025-06-27,288.59,295.75,35,-250.6,L 2 S
HRL,short,2025-06-04,2025-06-25,30.7,29.84,163,140.18,BE S
SNA,short,2025-01-31,2025-02-06,355.15,339.84,14,214.34,BE S
SNA,long,2025-04-09,2025-04-21,329.88,292.36,15,-562.8,Hard Stop S
RL,long,2025-04-09,2025-05-07,208.37,240.37,24,768.0,BE L
RL,long,2025-06-23,2025-07-03,270.55,279.81,18,166.68,BE L
FDS,long,2025-04-09,2025-05-09,426.82,454.62,12,333.6,BE L
TPR,long,2025-04-09,2025-05-08,67.28,77.54,74,759.24,Gap out L
PNR,long,2025-04-09,2025-04-22,84.03,86.24,60,132.6,Gap out L
DECK,long,2025-04-09,2025-04-15,116.06,104.18,43,-510.84,Hard Stop S
MOH,short,2025-03-11,2025-03-13,324.81,311.07,15,206.1,BE S
DPZ,short,2025-03-03,2025-03-10,483.82,440.03,10,437.9,BE S
DPZ,long,2025-04-09,2025-04-24,456.35,487.97,11,347.82,BE L
CLX,long,2025-04-22,2025-05-09,142.03,134.76,35,-254.45,S 2 L
CLX,short,2025-05-09,2025-05-27,134.76,130.36,74,325.6,BE S
CLX,long,2025-05-29,2025-06-13,130.99,123.07,38,-300.96,S 2 L
CLX,short,2025-06-13,2025-06-25,123.07,119.48,81,290.79,BE S
NWSA,short,2025-02-06,2025-03-10,28.5,27.35,175,201.25,BE S
NWSA,long,2025-04-09,2025-05-07,26.18,28.18,191,382.0,BE L
NWSA,short,2025-05-09,2025-06-13,28.06,27.42,178,113.92,Target S
LNT,short,2025-03-04,2025-03-06,64.26,62.2,78,160.68,BE S
LNT,long,2025-04-09,2025-05-20,60.42,63.16,83,227.42,Target L
BAX,long,2025-04-09,2025-05-05,30.75,30.43,163,-52.16,S 2 L
BAX,short,2025-05-09,2025-06-02,30.9,29.55,162,218.7,BE S
BBY,short,2025-06-11,2025-06-13,72.65,69.6,69,210.45,BE S
EXPD,long,2025-03-21,2025-03-26,116.3,119.17,43,123.41,BE L
EXPD,long,2025-04-09,2025-05-06,109.93,106.18,45,-168.75,S 2 L
EXPD,short,2025-05-06,2025-05-16,106.18,118.33,94,-1142.1,Hard Stop L
J,long,2025-03-05,2025-04-01,124.37,121.98,40,-95.6,S 2 L
J,short,2025-04-01,2025-04-04,121.98,111.45,82,863.46,Target S
J,long,2025-04-09,2025-05-02,118.54,126.68,42,341.88,BE L
J,short,2025-05-28,2025-06-02,126.7,124.13,39,100.23,BE S
ZBRA,long,2025-02-18,2025-03-04,331.08,297.92,15,-497.4,Hard Stop S
ZBRA,long,2025-04-09,2025-04-29,243.77,256.05,21,257.88,Gap out L
EVRG,short,2025-03-04,2025-03-06,67.7,65.73,74,145.78,BE S
PAYC,short,2025-02-27,2025-03-06,216.35,203.62,23,292.79,BE S
PAYC,short,2025-03-28,2025-04-04,218.75,198.11,23,474.72,BE S
PAYC,long,2025-04-09,2025-05-08,218.5,249.35,23,709.55,Gap out L
EG,short,2025-03-11,2025-04-01,354.19,365.41,14,-157.08,L 2 S
EG,long,2025-04-01,2025-04-07,365.41,326.44,27,-1052.19,Hard Stop S
UDR,long,2025-04-09,2025-06-25,41.07,40.11,122,-117.12,S 2 L
APTV,short,2025-02-21,2025-02-28,66.68,65.12,75,117.0,BE S
APTV,long,2025-04-02,2025-04-04,60.78,53.0,82,-637.96,Hard Stop S
APTV,long,2025-04-09,2025-04-11,54.42,47.92,92,-598.0,Hard Stop S
COO,long,2025-04-09,2025-05-12,77.9,84.44,64,418.56,BE L
HOLX,long,2025-02-18,2025-03-10,63.93,65.62,78,131.82,BE L
HOLX,long,2025-03-21,2025-04-04,61.47,60.86,81,-49.41,S 2 L
HOLX,short,2025-04-04,2025-04-09,60.86,59.31,164,254.2,Target S
KIM,long,2025-04-09,2025-05-13,20.16,21.46,248,322.4,Target L
AVY,short,2025-03-03,2025-03-04,185.92,181.33,27,123.93,BE S
OMC,long,2025-04-09,2025-05-14,76.52,76.02,65,-32.5,S 2 L
OMC,short,2025-05-14,2025-05-21,76.02,73.53,132,328.68,BE S
JBHT,long,2025-02-04,2025-02-18,168.97,174.26,30,158.7,BE L
JBHT,long,2025-04-09,2025-04-16,141.65,124.73,35,-592.2,Hard Stop S
IEX,long,2025-04-09,2025-05-01,173.8,175.25,29,42.05,Gap out L
TER,long,2025-04-07,2025-04-23,72.87,73.18,69,21.39,Gap out L
TER,short,2025-06-11,2025-06-13,86.79,83.08,58,215.18,BE S
TXT,short,2025-06-11,2025-07-01,76.8,80.98,65,-271.7,L 2 S
MAS,long,2025-04-09,2025-05-12,63.77,69.16,78,420.42,Gap out L
INCY,long,2025-02-12,2025-02-24,69.05,74.01,72,357.12,BE L
INCY,short,2025-06-11,2025-06-26,68.85,70.81,73,-143.08,L 2 S
BF.B,long,2025-04-09,2025-06-02,34.12,33.2,147,-135.24,S 2 L
BF.B,short,2025-06-02,2025-06-05,33.2,27.25,301,1790.95,Gap out S
JKHY,short,2025-05-13,2025-06-23,178.34,181.02,28,-75.04,L 2 S
JKHY,long,2025-06-23,2025-07-02,181.02,179.42,55,-88.0,S 2 L
BXP,long,2025-03-05,2025-04-03,67.68,62.6,74,-375.92,S 2 L
BXP,short,2025-04-03,2025-04-07,62.6,58.49,160,657.6,Target S
BXP,short,2025-05-13,2025-06-03,66.04,70.38,76,-329.84,L 2 S
BXP,long,2025-06-03,2025-06-05,70.38,71.81,142,203.06,Target L
BXP,short,2025-06-09,2025-06-25,72.58,66.64,69,409.86,BE S
ALGN,long,2025-02-26,2025-03-04,191.21,169.88,26,-554.58,Hard Stop S
ALGN,long,2025-04-09,2025-04-23,165.03,177.23,30,366.0,Target L
ALGN,short,2025-04-28,2025-04-30,181.09,173.3,28,218.12,BE S
SOLV,long,2025-04-09,2025-05-12,68.58,74.8,73,454.06,Target L
CPT,short,2025-03-04,2025-03-12,123.24,118.4,41,198.44,BE S
CPT,long,2025-04-09,2025-05-02,111.71,120.87,45,412.2,BE L
BLDR,long,2025-04-09,2025-05-01,124.73,111.93,40,-512.0,Hard Stop S
DOC,short,2025-03-11,2025-04-02,20.32,20.06,246,63.96,Target S
UHS,long,2025-03-05,2025-03-31,177.72,187.9,28,285.04,BE L
UHS,short,2025-05-08,2025-06-10,183.77,172.67,27,299.7,BE S
UHS,long,2025-06-12,2025-07-01,173.66,188.94,29,443.12,BE L
ARE,long,2025-04-09,2025-04-29,80.82,72.57,62,-511.5,Hard Stop S
NDSN,long,2025-04-09,2025-05-12,187.29,203.0,27,424.17,BE L
JNPR,long,2025-04-09,2025-05-02,35.15,36.63,142,210.16,BE L
ALLE,long,2025-03-13,2025-03-24,124.99,130.59,40,224.0,BE L
ALLE,long,2025-04-09,2025-04-24,124.65,139.51,40,594.4,Gap out L
SJM,short,2025-03-04,2025-03-31,109.84,118.41,46,-394.22,L 2 S
SJM,long,2025-03-31,2025-04-08,118.41,110.18,84,-691.32,S 2 L
SJM,long,2025-05-12,2025-05-20,112.5,114.95,44,107.8,BE L
SJM,long,2025-06-18,2025-07-01,95.96,102.95,52,363.48,BE L
BEN,long,2025-04-09,2025-05-07,18.58,20.46,269,505.72,BE L
AKAM,short,2025-02-06,2025-02-21,99.61,76.73,50,1144.0,Gap out S
AKAM,long,2025-04-09,2025-05-05,76.35,83.1,65,438.75,BE L
POOL,long,2025-04-09,2025-05-13,313.56,313.84,16,4.48,Target L
HST,long,2025-03-05,2025-03-13,16.08,14.52,311,-485.16,S 2 L
HST,short,2025-03-13,2025-03-31,14.52,14.21,689,213.59,Target S
HST,long,2025-04-09,2025-05-12,14.22,15.7,352,520.96,Target L
MOS,long,2025-04-09,2025-04-17,24.68,27.27,203,525.77,BE L
MOS,short,2025-06-20,2025-06-26,36.34,35.18,138,160.08,BE S
RVTY,long,2025-04-02,2025-04-04,106.72,94.84,47,-558.36,Hard Stop S
RVTY,long,2025-04-09,2025-04-21,101.34,89.77,49,-566.93,Hard Stop S
RVTY,long,2025-06-03,2025-06-10,91.03,96.25,55,287.1,BE L
SWKS,short,2025-06-11,2025-07-01,72.82,77.16,69,-299.46,L 2 S
SWKS,long,2025-07-01,2025-07-03,77.16,78.76,130,208.0,Target L
CAG,long,2025-02-11,2025-02-25,24.91,26.1,201,239.19,BE L
CAG,short,2025-03-04,2025-04-03,25.47,26.78,196,-256.76,L 2 S
CAG,long,2025-04-03,2025-04-28,26.78,24.08,373,-1007.1,Hard Stop S
CAG,long,2025-04-29,2025-06-13,24.34,21.57,205,-567.85,S 2 L
CAG,short,2025-06-13,2025-06-17,21.57,21.55,464,9.28,Target S
PNW,short,2025-03-04,2025-04-03,91.8,95.21,54,-184.14,L 2 S
MRNA,long,2025-04-09,2025-05-06,26.67,24.43,187,-418.88,S 2 L
MRNA,short,2025-05-06,2025-05-20,24.43,27.99,409,-1456.04,L 2 S
MRNA,long,2025-05-20,2025-07-03,27.99,30.49,357,892.5,Target L
TAP,long,2025-03-20,2025-03-26,58.99,60.56,85,133.45,BE L
TAP,long,2025-04-29,2025-05-12,57.06,54.95,88,-185.68,S 2 L
TAP,short,2025-05-12,2025-06-03,54.95,52.77,182,396.76,BE S
TAP,long,2025-06-27,2025-07-01,47.44,49.07,105,171.15,BE L
DVA,short,2025-03-28,2025-04-17,150.22,140.03,33,336.27,Target S
DVA,long,2025-06-03,2025-06-10,135.99,139.11,37,115.44,BE L
AIZ,long,2025-04-09,2025-05-13,193.24,202.45,26,239.46,Target L
CPB,long,2025-02-11,2025-02-20,37.95,39.34,132,183.48,BE L
CPB,long,2025-05-12,2025-05-28,35.94,33.79,139,-298.85,S 2 L
CPB,short,2025-05-28,2025-06-16,33.79,32.26,296,452.88,BE S
SWK,short,2025-02-21,2025-02-27,87.95,85.61,57,133.38,BE S
SWK,long,2025-04-02,2025-04-03,76.98,64.66,65,-800.8,Hard Stop S
SWK,long,2025-04-09,2025-04-16,64.22,56.81,78,-577.98,Hard Stop S
EPAM,long,2025-04-09,2025-05-08,159.0,179.71,31,642.01,Gap out L
EPAM,short,2025-05-09,2025-06-18,177.1,165.02,28,338.24,BE S
LKQ,short,2025-03-11,2025-03-13,43.18,41.28,116,220.4,BE S
LKQ,long,2025-04-09,2025-04-24,41.61,37.26,120,-522.0,S 2 L
LKQ,short,2025-04-24,2025-04-28,37.26,37.21,268,13.4,Target S
LKQ,long,2025-04-29,2025-05-08,37.65,40.03,133,316.54,BE L
GL,short,2025-03-28,2025-04-04,129.77,117.22,39,489.45,BE S
GL,long,2025-04-09,2025-05-05,122.63,121.49,41,-46.74,S 2 L
GL,short,2025-05-05,2025-06-06,121.49,121.7,82,-17.22,L 2 S
GL,long,2025-06-06,2025-07-01,121.7,124.9,82,262.4,BE L
BG,long,2025-04-09,2025-04-17,74.29,78.96,67,312.89,BE L
DAY,long,2025-04-09,2025-05-07,56.22,54.44,89,-158.42,S 2 L
DAY,short,2025-05-07,2025-05-16,54.44,60.05,184,-1032.24,Hard Stop L
DAY,short,2025-06-09,2025-06-13,59.16,57.08,85,176.8,BE S
DAY,long,2025-06-30,2025-07-03,55.39,57.27,90,169.2,BE L
HAS,long,2025-04-09,2025-04-24,55.18,60.37,91,472.29,Gap out L
AOS,long,2025-04-09,2025-04-29,62.56,67.02,80,356.8,BE L
AOS,long,2025-06-03,2025-07-01,64.0,67.76,78,293.28,BE L
EMN,short,2025-02-06,2025-02-27,101.26,96.9,49,213.64,BE S
EMN,long,2025-03-07,2025-03-17,98.79,91.16,51,-389.13,S 2 L
EMN,short,2025-03-17,2025-03-28,91.16,87.05,110,452.1,BE S
EMN,long,2025-04-09,2025-05-12,81.48,82.77,61,78.69,Gap out L
NCLH,short,2025-01-31,2025-02-10,28.35,26.49,176,327.36,BE S
NCLH,short,2025-06-11,2025-06-13,19.08,17.78,262,340.6,Gap out S
MGM,long,2025-04-01,2025-04-04,29.94,26.86,167,-514.36,Hard Stop S
MGM,long,2025-04-09,2025-05-01,29.93,30.86,167,155.31,Gap out L
WYNN,long,2025-02-12,2025-02-14,78.37,88.82,64,668.8,Gap out L
WYNN,short,2025-02-21,2025-03-12,90.76,85.67,55,279.95,BE S
WYNN,long,2025-04-09,2025-05-07,75.83,84.12,66,547.14,BE L
HSIC,short,2025-02-06,2025-02-11,79.85,77.48,63,149.31,BE S
HSIC,long,2025-04-09,2025-05-09,66.16,68.64,76,188.48,Target L
IPG,long,2025-04-09,2025-05-22,24.97,24.06,200,-182.0,S 2 L
IPG,short,2025-05-22,2025-06-02,24.06,22.87,416,495.04,Target S
FRT,short,2025-02-10,2025-02-14,109.8,105.03,46,219.42,BE S
FRT,long,2025-02-19,2025-03-07,105.01,101.31,48,-177.6,S 2 L
FRT,short,2025-03-07,2025-03-11,101.31,98.28,99,299.97,BE S
FRT,long,2025-04-09,2025-05-12,90.38,98.21,55,430.65,BE L
MKTX,short,2025-04-04,2025-04-09,212.94,203.19,23,224.25,Target S
MKTX,short,2025-06-13,2025-06-18,225.25,220.81,22,97.68,BE S
PARA,short,2025-02-25,2025-03-10,11.5,12.0,435,-217.5,L 2 S
PARA,long,2025-03-10,2025-04-08,12.0,10.65,833,-1124.55,Hard Stop S
MTCH,long,2025-04-09,2025-05-08,29.19,27.47,171,-294.12,S 2 L
MTCH,short,2025-05-08,2025-05-27,27.47,30.32,364,-1037.4,Hard Stop L
MTCH,short,2025-06-10,2025-06-12,31.7,30.66,158,164.32,BE S
AES,long,2025-04-09,2025-04-16,11.14,9.96,449,-529.82,Hard Stop S
TECH,long,2025-04-02,2025-04-04,58.38,51.72,86,-572.76,Hard Stop S
TECH,long,2025-04-09,2025-04-17,54.07,48.1,92,-549.24,Hard Stop S
GNRC,long,2025-04-09,2025-05-06,114.65,113.75,44,-39.6,S 2 L
GNRC,short,2025-05-06,2025-05-12,113.75,127.21,88,-1184.48,Hard Stop L
CRL,long,2025-04-09,2025-04-10,139.07,99.95,36,-1408.32,Hard Stop S
CRL,short,2025-05-14,2025-06-04,138.95,143.22,36,-153.72,L 2 S
CRL,long,2025-06-04,2025-06-10,143.22,151.0,70,544.6,BE L
ALB,long,2025-04-09,2025-04-15,60.47,54.01,83,-536.18,Hard Stop S
ALB,short,2025-05-14,2025-05-21,61.08,56.44,82,380.48,BE S
ALB,long,2025-06-03,2025-06-09,57.01,62.3,88,465.52,BE L
APA,long,2025-02-04,2025-02-18,22.39,23.57,223,263.14,BE L
APA,long,2025-04-09,2025-04-10,16.71,14.6,299,-630.89,Hard Stop S
IVZ,long,2025-04-09,2025-05-12,13.65,15.59,366,710.04,Gap out L
MHK,long,2025-04-09,2025-05-12,108.95,110.94,46,91.54,Gap out L
ENPH,long,2025-03-04,2025-03-10,57.86,63.32,86,469.56,BE L
ENPH,long,2025-04-17,2025-04-23,52.54,45.07,95,-709.65,Hard Stop S
CZR,long,2025-04-09,2025-04-16,27.57,24.75,181,-510.42,Hard Stop S
